<?xml version="1.0" encoding="UTF-8"?>
<!DOCTYPE beans PUBLIC "-//SPRING//DTD BEAN 2.0//EN"
        "http://www.springframework.org/dtd/spring-beans-2.0.dtd">
<beans>
	<bean id="stu" class="com.Student" autowire="byName">
		<property name="id" value="23"></property>
		<property name="name" value="Suraj"></property>
	</bean>
	<bean id="sadr" class="com.Address">
		<property name="cityname" value="mumbai"></property>

	</bean>
	<bean id="employe" class="com.Employee" autowire="byName">
		<property name="eid" value="65"></property>
		<property name="ename" value="Vishwas"></property>
	</bean>
	<bean id="aadr" class="com.Address">
		<property name="cityname" value="Andheri"></property>
	</bean>

</beans>
