<?xml version="1.0" encoding="UTF-8"?>
<!DOCTYPE beans PUBLIC "-//SPRING//DTD BEAN 2.0//EN"
        "http://www.springframework.org/dtd/spring-beans-2.0.dtd">

<beans>


	<bean id="student" class="com.constructor.Studentt" autowire="constructor">
		<constructor-arg index="0" type="int" value="23"></constructor-arg>
		<constructor-arg index="1" type="String" value="Suraj"></constructor-arg>
	</bean>
	<bean id="sadr" class="com.constructor.Addresss">
		<constructor-arg index="0" type="String" value="Pune"></constructor-arg>
		<constructor-arg index="1" type="String" value="Karve Nagar"></constructor-arg>
	</bean>

	<bean id="employe" class="com.constructor.Employeee" autowire="constructor">
		<constructor-arg index="0" type="int" value="56"></constructor-arg>
		<constructor-arg index="1" type="String" value="Swapnil"></constructor-arg>
	</bean>
	<bean id="eadr" class="com.constructor.Addresss">
		<constructor-arg index="0" type="String" value="Mumbai"></constructor-arg>
		<constructor-arg index="1" type="String" value="Andheri West"></constructor-arg>
	</bean>
</beans>