<?xml version="1.0" encoding="UTF-8"?>
<!DOCTYPE beans PUBLIC "-//SPRING//DTD BEAN 2.0//EN"
        "http://www.springframework.org/dtd/spring-beans-2.0.dtd">
<beans>

	<bean id="employe" class="com.byname.constructor.Employee"
		autowire="autodetect">

		<constructor-arg index="0" value="32"></constructor-arg>
		<constructor-arg index="1" value="suraj"></constructor-arg>

	</bean>

	<bean id="cmp" class="com.byname.constructor.Company">
		<constructor-arg value="exult" type="String"></constructor-arg>
		<constructor-arg value="12" type="int"></constructor-arg>
	</bean>
</beans>