<?xml version="1.0" encoding="UTF-8"?>
<!DOCTYPE beans PUBLIC "-//SPRING//DTD BEAN 2.0//EN"
        "http://www.springframework.org/dtd/spring-beans-2.0.dtd">

<beans>
	<bean id="stu" class="com.byname.Student" autowire="byName">
	<property name="rollno" value="23"></property>
	<property name="name" value="suraj"></property>

 	</bean>
	<bean id="addr" class="com.byname.Address">
	<property name="areaname" value="water purification center"></property>
	<property name="cityname" value="pune"></property>
	</bean>
</beans>