<?xml version="1.0" encoding="UTF-8"?>
<!DOCTYPE beans PUBLIC "-//SPRING//DTD BEAN 2.0//EN"
        "http://www.springframework.org/dtd/spring-beans-2.0.dtd">

<!-- Bean DESCRIPTION USING SETTER -->
<beans>
	<bean id="emp" class="com.bytype.setter.Employee"
		autowire="byType">
		<property name="eid" value="23"></property>
		<property name="ename" value="suraj"></property>
	</bean>
	<bean id="company" class="com.bytype.setter.Company">
		<property name="areaname" value="Water Purification Center"></property>
		<property name="cityname" value="Pune"></property>
	</bean>
	<bean id="com" class="com.bytype.setter.Company"
		autowire-candidate="false">
		<property name="areaname" value="Water Purification Center"></property>
		<property name="cityname" value="Pune"></property>
	</bean>
</beans>
