<?xml version="1.0" encoding="UTF-8"?>
<!DOCTYPE beans PUBLIC "-//SPRING//DTD BEAN 2.0//EN"
        "http://www.springframework.org/dtd/spring-beans-2.0.dtd">

<beans>

	<bean id="employee" class="com.bytype.constructor.Employee"	autowire="constructor">
		<constructor-arg value="23" index="0"></constructor-arg>
		<constructor-arg value="Vishal" index="1"></constructor-arg>

	</bean>
	<bean id="companyy" class="com.bytype.constructor.Company">
		<constructor-arg value="Karve Nagar" index="0"></constructor-arg>
		<constructor-arg value="Pune" index="1"></constructor-arg>

	</bean>
</beans>