<?xml version="1.0" encoding="UTF-8"?>
<!DOCTYPE beans PUBLIC "-//SPRING//DTD BEAN 2.0//EN"
        "http://www.springframework.org/dtd/spring-beans-2.0.dtd">
        
        <beans>
        
        
        <bean id="emp" class="com.di.primitive.Employee">
        
        <constructor-arg value="34"></constructor-arg>
        <constructor-arg value="Suraj"></constructor-arg>
        <constructor-arg >
        <list>
        <value>34</value>
        <value>35</value>
        </list>
        
        
        </constructor-arg>
        </bean>
        
        
        
        
        
        </beans>