<?xml version="1.0" encoding="UTF-8"?>
<!DOCTYPE beans PUBLIC "-//SPRING//DTD BEAN 2.0//EN"
        "http://www.springframework.org/dtd/spring-beans-2.0.dtd">

<beans>
	<bean id="emp" class="com.di.secondary.Employee">
		<constructor-arg value="45"></constructor-arg>
		<constructor-arg value="suraj"></constructor-arg>
		<constructor-arg>
			<list>
				<ref bean="mob" />
				<ref bean="mob1" />
				<ref bean="mob2" />

			</list>
		</constructor-arg>

	</bean>
	<bean id="mob" class="com.di.secondary.Mobile">
		<constructor-arg value="87748"></constructor-arg>
	</bean>
	<bean id="mob1" class="com.di.secondary.Mobile">
		<constructor-arg value="97363"></constructor-arg>
	</bean>
	<bean id="mob2" class="com.di.secondary.Mobile">
		<constructor-arg value="83637638"></constructor-arg>
	</bean>
</beans>