<?xml version="1.0" encoding="UTF-8"?>
<beans xmlns="http://www.springframework.org/schema/beans"
    xmlns:xsi="http://www.w3.org/2001/XMLSchema-instance"
    xsi:schemaLocation="http://www.springframework.org/schema/beans
        https://www.springframework.org/schema/beans/spring-beans.xsd">

    <bean id="companyinfo" class="com.di.xmlparentchild.Employee" abstract="true">
	     <property name="companyname" value="WebCoreStone"/>
    </bean>

    <bean id="emp" parent="companyinfo">
         <property name="eid" value="23"/>
         <property name="name" value="suraj"/>
         <property name="address" value="rathod"/>
    </bean>
</beans>