<?xml version="1.0" encoding="UTF-8"?>
<!DOCTYPE beans PUBLIC "-//SPRING//DTD BEAN 2.0//EN"
        "http://www.springframework.org/dtd/spring-beans-2.0.dtd">

<beans>

	<bean id="stu" class="com.collection.Student">
		<property name="mylist">
			<list>
				<value>java</value>
				<value>cjc</value>
			</list>
		</property>


		<property name="myset">
			<set>
				<value>1</value>
				<value> 2</value>
			</set>
		</property>


		<property name="mymap">
			<map>
				<entry key="1" value="sun"></entry>
				<entry key="3" value="moon"></entry>
			</map>
		</property>
	</bean>
</beans>