<?xml version="1.0" encoding="UTF-8"?>
<!DOCTYPE beans PUBLIC "-//SPRING//DTD BEAN 2.0//EN"
        "http://www.springframework.org/dtd/spring-beans-2.0.dtd">
        <beans>
        <bean id="student" class="com.collection.constructor.Studetn">
        <constructor-arg>
        
        <list>
        <value>1</value>
        <value>2</value>
        </list>
        </constructor-arg>
        <constructor-arg>
        <set>
        <value>suraj</value>
        <value>akash</value>
        </set>
        </constructor-arg>
        <constructor-arg>
        <map>
        <entry key="23" value="swapnil"></entry>
        <entry key="75" value="Ankit"></entry>
        </map>
        </constructor-arg>
        </bean>
        </beans>