<?xml version="1.0" encoding="UTF-8"?>
<!DOCTYPE beans PUBLIC "-//SPRING//DTD BEAN 2.0//EN"
        "http://www.springframework.org/dtd/spring-beans-2.0.dtd">
        <beans>
        
        <bean id="stu" class="com.secondary.Student">
        <constructor-arg value="23"></constructor-arg>
        <constructor-arg value="suraj"></constructor-arg>
        <constructor-arg ref="addr"></constructor-arg>
        </bean>
        
        <bean id="addr" class="com.secondary.Classs">
        <constructor-arg value="54"></constructor-arg>
        <constructor-arg value="cjc"></constructor-arg>
        </bean>
        </beans>