<?xml version="1.0" encoding="UTF-8"?>
<!DOCTYPE beans PUBLIC "-//SPRING//DTD BEAN 2.0//EN"
        "http://www.springframework.org/dtd/spring-beans-2.0.dtd">
        
        <beans>
        
        <bean id="employee" class="com.bytype.constructor.Employee" autowire="autodetect">
        <constructor-arg index="0" value="123"></constructor-arg>
        <constructor-arg index="1" value="Vishal"></constructor-arg>
        
        </bean>
        <bean id="company" class="com.bytype.constructor.Company">
        <constructor-arg value="Karve Nagar" index="0"></constructor-arg>
        <constructor-arg value="Pune" index="1"></constructor-arg>
        
        </bean>
        </beans>