<?xml version="1.0" encoding="UTF-8"?>
<beans xmlns="http://www.springframework.org/schema/beans"
    xmlns:xsi="http://www.w3.org/2001/XMLSchema-instance"
    xmlns:context="http://www.springframework.org/schema/context"
    xsi:schemaLocation="http://www.springframework.org/schema/beans
        https://www.springframework.org/schema/beans/spring-beans.xsd
        http://www.springframework.org/schema/context
        https://www.springframework.org/schema/context/spring-context.xsd">

    <context:annotation-config/>



	<bean id="stu" class="com.di.Student">
		<property name="id" value="24"></property>
		<property name="name" value="suraj"></property>
	</bean>

	<bean id="sadr" class="com.di.Address">
		<property name="cityname" value="pune"></property>
	</bean>

	<bean id="emp" class="com.di.Employee">
		<property name="eid" value="45"></property>
		<property name="ename" value="pune"></property>
	</bean>
	<!-- <bean id="eddr" class="com.di.Address">
		<property name="cityname" value="Andheri"></property>
	</bean>
 -->
</beans>
        