<?xml version="1.0" encoding="UTF-8"?>
<!DOCTYPE beans PUBLIC "-//SPRING//DTD BEAN 2.0//EN"
        "http://www.springframework.org/dtd/spring-beans-2.0.dtd">
<beans>


	<bean id="emp" class="com.di.array.secondary.Employee">

		<property name="empid" value="34"></property>
		<property name="empname" value="suraj"></property>
		<property name="mobile">
		
			<list>
				<ref bean="mob" />
				<ref bean="mob1" />
				<ref bean="mob2" />
			</list>

		</property>
	</bean>
	<bean id="mob" class="com.di.array.secondary.Mobile">
		<property name="mobno" value="3442"></property>
	</bean>
	<bean id="mob1" class="com.di.array.secondary.Mobile">
		<property name="mobno" value="23344"></property>
	</bean>
	<bean id="mob2" class="com.di.array.secondary.Mobile">
		<property name="mobno" value="344533"></property>
	</bean>
</beans>