<?xml version="1.0" encoding="UTF-8"?>
<!DOCTYPE beans PUBLIC "-//SPRING//DTD BEAN 2.0//EN"
        "http://www.springframework.org/dtd/spring-beans-2.0.dtd">
<beans>
	<bean id="emp" class="com.di.array.Employee">
		<property name="empid" value="34"></property>
		<property name="empname" value="Suraj"></property>
		<property name="mobileno">
			<list>
				<value>23</value>
				<value>34</value>
				<value>56</value>
				<value>64</value>
				<value>98</value>
			</list>
		</property>

	</bean>


</beans>